index,random_starting_point,algorithm,ee,eei,proposed_locations,time,sigma
58,28,CMA,439845,5221,"[[12.31926458,37.22420972]
,[10.85991884,38.36158859]
,[10.75589316,36.80513872]
,[11.9716925,36.47579004]
,[10.38705765,39.84108199]]",198.4762888,0.22
78,48,CMA,439845,5221,"[[12.31926458,37.22420972]
,[10.85991884,38.36158859]
,[10.75589316,36.80513872]
,[11.9716925,36.47579004]
,[10.38705765,39.84108199]]",195.2985778,0.22
188,158,CMA,439845,5221,"[[12.31926458,37.22420972]
,[10.85991884,38.36158859]
,[10.75589316,36.80513872]
,[11.9716925,36.47579004]
,[10.38705765,39.84108199]]",196.5793996,0.22
238,208,CMA,439845,5221,"[[12.31926458,37.22420972]
,[10.85991884,38.36158859]
,[10.75589316,36.80513872]
,[11.9716925,36.47579004]
,[10.38705765,39.84108199]]",198.3134391,0.22
138,108,CMA,439845,5221,"[[12.31926458,37.22420972]
,[10.85991884,38.36158859]
,[10.75589316,36.80513872]
,[11.9716925,36.47579004]
,[10.38705765,39.84108199]]",195.12977,0.22
98,68,CMA,439845,5221,"[[12.31926458,37.22420972]
,[10.85991884,38.36158859]
,[10.75589316,36.80513872]
,[11.9716925,36.47579004]
,[10.38705765,39.84108199]]",196.1249917,0.22
228,198,CMA,439845,5221,"[[12.31926458,37.22420972]
,[10.85991884,38.36158859]
,[10.75589316,36.80513872]
,[11.9716925,36.47579004]
,[10.38705765,39.84108199]]",195.5924964,0.22
248,218,CMA,439845,5221,"[[12.31926458,37.22420972]
,[10.85991884,38.36158859]
,[10.75589316,36.80513872]
,[11.9716925,36.47579004]
,[10.38705765,39.84108199]]",196.2155149,0.22
158,128,CMA,439845,5221,"[[12.31926458,37.22420972]
,[10.85991884,38.36158859]
,[10.75589316,36.80513872]
,[11.9716925,36.47579004]
,[10.38705765,39.84108199]]",195.4801948,0.22
178,148,CMA,439845,5221,"[[12.31926458,37.22420972]
,[10.85991884,38.36158859]
,[10.75589316,36.80513872]
,[11.9716925,36.47579004]
,[10.38705765,39.84108199]]",198.4079721,0.22
258,228,CMA,439845,5221,"[[12.31926458,37.22420972]
,[10.85991884,38.36158859]
,[10.75589316,36.80513872]
,[11.9716925,36.47579004]
,[10.38705765,39.84108199]]",196.7333188,0.22
128,98,CMA,439845,5221,"[[12.31926458,37.22420972]
,[10.85991884,38.36158859]
,[10.75589316,36.80513872]
,[11.9716925,36.47579004]
,[10.38705765,39.84108199]]",198.1216295,0.22
218,188,CMA,439845,5221,"[[12.31926458,37.22420972]
,[10.85991884,38.36158859]
,[10.75589316,36.80513872]
,[11.9716925,36.47579004]
,[10.38705765,39.84108199]]",196.4407444,0.22
48,18,CMA,439845,5221,"[[12.31926458,37.22420972]
,[10.85991884,38.36158859]
,[10.75589316,36.80513872]
,[11.9716925,36.47579004]
,[10.38705765,39.84108199]]",193.5219603,0.22
108,78,CMA,439845,5221,"[[12.31926458,37.22420972]
,[10.85991884,38.36158859]
,[10.75589316,36.80513872]
,[11.9716925,36.47579004]
,[10.38705765,39.84108199]]",194.4651821,0.22
88,58,CMA,439845,5221,"[[12.31926458,37.22420972]
,[10.85991884,38.36158859]
,[10.75589316,36.80513872]
,[11.9716925,36.47579004]
,[10.38705765,39.84108199]]",194.9945977,0.22
148,118,CMA,439845,5221,"[[12.31926458,37.22420972]
,[10.85991884,38.36158859]
,[10.75589316,36.80513872]
,[11.9716925,36.47579004]
,[10.38705765,39.84108199]]",194.8896813,0.22
118,88,CMA,439845,5221,"[[12.31926458,37.22420972]
,[10.85991884,38.36158859]
,[10.75589316,36.80513872]
,[11.9716925,36.47579004]
,[10.38705765,39.84108199]]",199.889091,0.22
288,258,CMA,439845,5221,"[[12.31926458,37.22420972]
,[10.85991884,38.36158859]
,[10.75589316,36.80513872]
,[11.9716925,36.47579004]
,[10.38705765,39.84108199]]",196.5200362,0.22
198,168,CMA,439845,5221,"[[12.31926458,37.22420972]
,[10.85991884,38.36158859]
,[10.75589316,36.80513872]
,[11.9716925,36.47579004]
,[10.38705765,39.84108199]]",195.8818531,0.22
208,178,CMA,439845,5221,"[[12.31926458,37.22420972]
,[10.85991884,38.36158859]
,[10.75589316,36.80513872]
,[11.9716925,36.47579004]
,[10.38705765,39.84108199]]",195.8700559,0.22
268,238,CMA,439845,5221,"[[12.31926458,37.22420972]
,[10.85991884,38.36158859]
,[10.75589316,36.80513872]
,[11.9716925,36.47579004]
,[10.38705765,39.84108199]]",195.9652557,0.22
68,38,CMA,439845,5221,"[[12.31926458,37.22420972]
,[10.85991884,38.36158859]
,[10.75589316,36.80513872]
,[11.9716925,36.47579004]
,[10.38705765,39.84108199]]",195.9740734,0.22
278,248,CMA,439845,5221,"[[12.31926458,37.22420972]
,[10.85991884,38.36158859]
,[10.75589316,36.80513872]
,[11.9716925,36.47579004]
,[10.38705765,39.84108199]]",202.6423898,0.22
168,138,CMA,439845,5221,"[[12.31926458,37.22420972]
,[10.85991884,38.36158859]
,[10.75589316,36.80513872]
,[11.9716925,36.47579004]
,[10.38705765,39.84108199]]",195.4582479,0.22
222,192,CMA,439288,4664,"[[11.96660304,37.74368249]
,[11.80397155,38.22584126]
,[12.39550892,35.95845466]
,[12.16788123,37.81478135]
,[10.101063,37.04616468]]",43.16222811,0.1
142,112,CMA,439288,4664,"[[11.96660304,37.74368249]
,[11.80397155,38.22584126]
,[12.39550892,35.95845466]
,[12.16788123,37.81478135]
,[10.101063,37.04616468]]",43.47703338,0.1
52,22,CMA,439288,4664,"[[11.96660304,37.74368249]
,[11.80397155,38.22584126]
,[12.39550892,35.95845466]
,[12.16788123,37.81478135]
,[10.101063,37.04616468]]",42.89800406,0.1
192,162,CMA,439288,4664,"[[11.96660304,37.74368249]
,[11.80397155,38.22584126]
,[12.39550892,35.95845466]
,[12.16788123,37.81478135]
,[10.101063,37.04616468]]",43.11732125,0.1
212,182,CMA,439288,4664,"[[11.96660304,37.74368249]
,[11.80397155,38.22584126]
,[12.39550892,35.95845466]
,[12.16788123,37.81478135]
,[10.101063,37.04616468]]",43.86761355,0.1
92,62,CMA,439288,4664,"[[11.96660304,37.74368249]
,[11.80397155,38.22584126]
,[12.39550892,35.95845466]
,[12.16788123,37.81478135]
,[10.101063,37.04616468]]",43.10226274,0.1
62,32,CMA,439288,4664,"[[11.96660304,37.74368249]
,[11.80397155,38.22584126]
,[12.39550892,35.95845466]
,[12.16788123,37.81478135]
,[10.101063,37.04616468]]",43.32829523,0.1
202,172,CMA,439288,4664,"[[11.96660304,37.74368249]
,[11.80397155,38.22584126]
,[12.39550892,35.95845466]
,[12.16788123,37.81478135]
,[10.101063,37.04616468]]",43.49402404,0.1
232,202,CMA,439288,4664,"[[11.96660304,37.74368249]
,[11.80397155,38.22584126]
,[12.39550892,35.95845466]
,[12.16788123,37.81478135]
,[10.101063,37.04616468]]",45.2214663,0.1
42,12,CMA,439288,4664,"[[11.96660304,37.74368249]
,[11.80397155,38.22584126]
,[12.39550892,35.95845466]
,[12.16788123,37.81478135]
,[10.101063,37.04616468]]",42.45365024,0.1
292,262,CMA,439288,4664,"[[11.96660304,37.74368249]
,[11.80397155,38.22584126]
,[12.39550892,35.95845466]
,[12.16788123,37.81478135]
,[10.101063,37.04616468]]",47.32233524,0.1
152,122,CMA,439288,4664,"[[11.96660304,37.74368249]
,[11.80397155,38.22584126]
,[12.39550892,35.95845466]
,[12.16788123,37.81478135]
,[10.101063,37.04616468]]",43.18244171,0.1
82,52,CMA,439288,4664,"[[11.96660304,37.74368249]
,[11.80397155,38.22584126]
,[12.39550892,35.95845466]
,[12.16788123,37.81478135]
,[10.101063,37.04616468]]",43.46455526,0.1
282,252,CMA,439288,4664,"[[11.96660304,37.74368249]
,[11.80397155,38.22584126]
,[12.39550892,35.95845466]
,[12.16788123,37.81478135]
,[10.101063,37.04616468]]",43.50413918,0.1
272,242,CMA,439288,4664,"[[11.96660304,37.74368249]
,[11.80397155,38.22584126]
,[12.39550892,35.95845466]
,[12.16788123,37.81478135]
,[10.101063,37.04616468]]",45.57872248,0.1
122,92,CMA,439288,4664,"[[11.96660304,37.74368249]
,[11.80397155,38.22584126]
,[12.39550892,35.95845466]
,[12.16788123,37.81478135]
,[10.101063,37.04616468]]",43.8992908,0.1
172,142,CMA,439288,4664,"[[11.96660304,37.74368249]
,[11.80397155,38.22584126]
,[12.39550892,35.95845466]
,[12.16788123,37.81478135]
,[10.101063,37.04616468]]",43.65135622,0.1
182,152,CMA,439288,4664,"[[11.96660304,37.74368249]
,[11.80397155,38.22584126]
,[12.39550892,35.95845466]
,[12.16788123,37.81478135]
,[10.101063,37.04616468]]",43.93781042,0.1
262,232,CMA,439288,4664,"[[11.96660304,37.74368249]
,[11.80397155,38.22584126]
,[12.39550892,35.95845466]
,[12.16788123,37.81478135]
,[10.101063,37.04616468]]",43.37955308,0.1
252,222,CMA,439288,4664,"[[11.96660304,37.74368249]
,[11.80397155,38.22584126]
,[12.39550892,35.95845466]
,[12.16788123,37.81478135]
,[10.101063,37.04616468]]",44.63986731,0.1
132,102,CMA,439288,4664,"[[11.96660304,37.74368249]
,[11.80397155,38.22584126]
,[12.39550892,35.95845466]
,[12.16788123,37.81478135]
,[10.101063,37.04616468]]",43.7271893,0.1
72,42,CMA,439288,4664,"[[11.96660304,37.74368249]
,[11.80397155,38.22584126]
,[12.39550892,35.95845466]
,[12.16788123,37.81478135]
,[10.101063,37.04616468]]",43.62520671,0.1
102,72,CMA,439288,4664,"[[11.96660304,37.74368249]
,[11.80397155,38.22584126]
,[12.39550892,35.95845466]
,[12.16788123,37.81478135]
,[10.101063,37.04616468]]",42.72756791,0.1
162,132,CMA,439288,4664,"[[11.96660304,37.74368249]
,[11.80397155,38.22584126]
,[12.39550892,35.95845466]
,[12.16788123,37.81478135]
,[10.101063,37.04616468]]",43.05520654,0.1
242,212,CMA,439288,4664,"[[11.96660304,37.74368249]
,[11.80397155,38.22584126]
,[12.39550892,35.95845466]
,[12.16788123,37.81478135]
,[10.101063,37.04616468]]",43.58856297,0.1
112,82,CMA,439288,4664,"[[11.96660304,37.74368249]
,[11.80397155,38.22584126]
,[12.39550892,35.95845466]
,[12.16788123,37.81478135]
,[10.101063,37.04616468]]",42.99014735,0.1
193,163,CMA,438867,4243,"[[12.01148572,36.91275773]
,[10.0751547,37.42898644]
,[12.14208056,38.04955795]
,[10.11612572,37.5879367,]
,[10.45439911,40.15055309]]",58.69820523,0.12
83,53,CMA,438867,4243,"[[12.01148572,36.91275773]
,[10.0751547,37.42898644]
,[12.14208056,38.04955795]
,[10.11612572,37.5879367,]
,[10.45439911,40.15055309]]",58.62357926,0.12
183,153,CMA,438867,4243,"[[12.01148572,36.91275773]
,[10.0751547,37.42898644]
,[12.14208056,38.04955795]
,[10.11612572,37.5879367,]
,[10.45439911,40.15055309]]",59.41808081,0.12
163,133,CMA,438867,4243,"[[12.01148572,36.91275773]
,[10.0751547,37.42898644]
,[12.14208056,38.04955795]
,[10.11612572,37.5879367,]
,[10.45439911,40.15055309]]",58.56191063,0.12
173,143,CMA,438867,4243,"[[12.01148572,36.91275773]
,[10.0751547,37.42898644]
,[12.14208056,38.04955795]
,[10.11612572,37.5879367,]
,[10.45439911,40.15055309]]",59.3971324,0.12
73,43,CMA,438867,4243,"[[12.01148572,36.91275773]
,[10.0751547,37.42898644]
,[12.14208056,38.04955795]
,[10.11612572,37.5879367,]
,[10.45439911,40.15055309]]",58.7133131,0.12
93,63,CMA,438867,4243,"[[12.01148572,36.91275773]
,[10.0751547,37.42898644]
,[12.14208056,38.04955795]
,[10.11612572,37.5879367,]
,[10.45439911,40.15055309]]",58.55787349,0.12
63,33,CMA,438867,4243,"[[12.01148572,36.91275773]
,[10.0751547,37.42898644]
,[12.14208056,38.04955795]
,[10.11612572,37.5879367,]
,[10.45439911,40.15055309]]",58.48067546,0.12
43,13,CMA,438867,4243,"[[12.01148572,36.91275773]
,[10.0751547,37.42898644]
,[12.14208056,38.04955795]
,[10.11612572,37.5879367,]
,[10.45439911,40.15055309]]",57.81534481,0.12
203,173,CMA,438867,4243,"[[12.01148572,36.91275773]
,[10.0751547,37.42898644]
,[12.14208056,38.04955795]
,[10.11612572,37.5879367,]
,[10.45439911,40.15055309]]",58.92646718,0.12
243,213,CMA,438867,4243,"[[12.01148572,36.91275773]
,[10.0751547,37.42898644]
,[12.14208056,38.04955795]
,[10.11612572,37.5879367,]
,[10.45439911,40.15055309]]",58.9684639,0.12
113,83,CMA,438867,4243,"[[12.01148572,36.91275773]
,[10.0751547,37.42898644]
,[12.14208056,38.04955795]
,[10.11612572,37.5879367,]
,[10.45439911,40.15055309]]",58.53411126,0.12
283,253,CMA,438867,4243,"[[12.01148572,36.91275773]
,[10.0751547,37.42898644]
,[12.14208056,38.04955795]
,[10.11612572,37.5879367,]
,[10.45439911,40.15055309]]",58.71718121,0.12
273,243,CMA,438867,4243,"[[12.01148572,36.91275773]
,[10.0751547,37.42898644]
,[12.14208056,38.04955795]
,[10.11612572,37.5879367,]
,[10.45439911,40.15055309]]",62.63050318,0.12
123,93,CMA,438867,4243,"[[12.01148572,36.91275773]
,[10.0751547,37.42898644]
,[12.14208056,38.04955795]
,[10.11612572,37.5879367,]
,[10.45439911,40.15055309]]",58.95091939,0.12
263,233,CMA,438867,4243,"[[12.01148572,36.91275773]
,[10.0751547,37.42898644]
,[12.14208056,38.04955795]
,[10.11612572,37.5879367,]
,[10.45439911,40.15055309]]",58.40660882,0.12
253,223,CMA,438867,4243,"[[12.01148572,36.91275773]
,[10.0751547,37.42898644]
,[12.14208056,38.04955795]
,[10.11612572,37.5879367,]
,[10.45439911,40.15055309]]",59.74730563,0.12
53,23,CMA,438867,4243,"[[12.01148572,36.91275773]
,[10.0751547,37.42898644]
,[12.14208056,38.04955795]
,[10.11612572,37.5879367,]
,[10.45439911,40.15055309]]",57.92742562,0.12
103,73,CMA,438867,4243,"[[12.01148572,36.91275773]
,[10.0751547,37.42898644]
,[12.14208056,38.04955795]
,[10.11612572,37.5879367,]
,[10.45439911,40.15055309]]",58.33504558,0.12
133,103,CMA,438867,4243,"[[12.01148572,36.91275773]
,[10.0751547,37.42898644]
,[12.14208056,38.04955795]
,[10.11612572,37.5879367,]
,[10.45439911,40.15055309]]",58.75929403,0.12
233,203,CMA,438867,4243,"[[12.01148572,36.91275773]
,[10.0751547,37.42898644]
,[12.14208056,38.04955795]
,[10.11612572,37.5879367,]
,[10.45439911,40.15055309]]",60.23269987,0.12
223,193,CMA,438867,4243,"[[12.01148572,36.91275773]
,[10.0751547,37.42898644]
,[12.14208056,38.04955795]
,[10.11612572,37.5879367,]
,[10.45439911,40.15055309]]",58.86798811,0.12
213,183,CMA,438867,4243,"[[12.01148572,36.91275773]
,[10.0751547,37.42898644]
,[12.14208056,38.04955795]
,[10.11612572,37.5879367,]
,[10.45439911,40.15055309]]",59.48244286,0.12
143,113,CMA,438867,4243,"[[12.01148572,36.91275773]
,[10.0751547,37.42898644]
,[12.14208056,38.04955795]
,[10.11612572,37.5879367,]
,[10.45439911,40.15055309]]",58.68636632,0.12
153,123,CMA,438867,4243,"[[12.01148572,36.91275773]
,[10.0751547,37.42898644]
,[12.14208056,38.04955795]
,[10.11612572,37.5879367,]
,[10.45439911,40.15055309]]",58.68057203,0.12
8,8,Random Search,438481,3857,"[[11.83505658,35.40679765]
,[11.45281055,38.85839712]
,[11.67063255,37.65725884]
,[9.32906987,39.33005144]
,[12.13203072,38.06505175]]",87.93585849,NA
2,2,Random Search,438445,3821,"[[10.1706919,37.95234133]
,[11.83148966,37.61235736]
,[11.6360199,37.47268191]
,[10.54840949,36.86822817]
,[10.46225423,37.72671055]]",128.6024249,NA
37,7,CMA,438170,3546,"[[10.87004206,39.74420484]
,[11.92575915,35.36717062]
,[9.0136522,37.20620485]
,[9.87471673,39.04603172]
,[11.96660071,37.74365856]]",205.7482164,0.2
38,8,CMA,438088,3464,"[[12.16092007,37.79879695]
,[8.9285893,39.36053845]
,[9.37876136,38.10988209]
,[11.61112404,37.04595163]
,[9.33433098,39.55853657]]",233.1839156,0.22
149,119,CMA,437968,3344,"[[10.21578055,39.78691615]
,[11.8175812,37.6099011,]
,[13.20230698,37.35698372]
,[8.97807697,35.43639168]
,[11.35621179,35.62054135]]",222.8135903,0.24
139,109,CMA,437968,3344,"[[10.21578055,39.78691615]
,[11.8175812,37.6099011,]
,[13.20230698,37.35698372]
,[8.97807697,35.43639168]
,[11.35621179,35.62054135]]",222.9341109,0.24
129,99,CMA,437968,3344,"[[10.21578055,39.78691615]
,[11.8175812,37.6099011,]
,[13.20230698,37.35698372]
,[8.97807697,35.43639168]
,[11.35621179,35.62054135]]",225.6510367,0.24
99,69,CMA,437968,3344,"[[10.21578055,39.78691615]
,[11.8175812,37.6099011,]
,[13.20230698,37.35698372]
,[8.97807697,35.43639168]
,[11.35621179,35.62054135]]",224.1953084,0.24
109,79,CMA,437968,3344,"[[10.21578055,39.78691615]
,[11.8175812,37.6099011,]
,[13.20230698,37.35698372]
,[8.97807697,35.43639168]
,[11.35621179,35.62054135]]",222.107501,0.24
89,59,CMA,437968,3344,"[[10.21578055,39.78691615]
,[11.8175812,37.6099011,]
,[13.20230698,37.35698372]
,[8.97807697,35.43639168]
,[11.35621179,35.62054135]]",222.8977778,0.24
199,169,CMA,437968,3344,"[[10.21578055,39.78691615]
,[11.8175812,37.6099011,]
,[13.20230698,37.35698372]
,[8.97807697,35.43639168]
,[11.35621179,35.62054135]]",223.7260942,0.24
159,129,CMA,437968,3344,"[[10.21578055,39.78691615]
,[11.8175812,37.6099011,]
,[13.20230698,37.35698372]
,[8.97807697,35.43639168]
,[11.35621179,35.62054135]]",223.2422113,0.24
219,189,CMA,437968,3344,"[[10.21578055,39.78691615]
,[11.8175812,37.6099011,]
,[13.20230698,37.35698372]
,[8.97807697,35.43639168]
,[11.35621179,35.62054135]]",224.5744357,0.24
289,259,CMA,437968,3344,"[[10.21578055,39.78691615]
,[11.8175812,37.6099011,]
,[13.20230698,37.35698372]
,[8.97807697,35.43639168]
,[11.35621179,35.62054135]]",224.7480958,0.24
279,249,CMA,437968,3344,"[[10.21578055,39.78691615]
,[11.8175812,37.6099011,]
,[13.20230698,37.35698372]
,[8.97807697,35.43639168]
,[11.35621179,35.62054135]]",230.7841353,0.24
269,239,CMA,437968,3344,"[[10.21578055,39.78691615]
,[11.8175812,37.6099011,]
,[13.20230698,37.35698372]
,[8.97807697,35.43639168]
,[11.35621179,35.62054135]]",223.4538417,0.24
259,229,CMA,437968,3344,"[[10.21578055,39.78691615]
,[11.8175812,37.6099011,]
,[13.20230698,37.35698372]
,[8.97807697,35.43639168]
,[11.35621179,35.62054135]]",224.6781168,0.24
249,219,CMA,437968,3344,"[[10.21578055,39.78691615]
,[11.8175812,37.6099011,]
,[13.20230698,37.35698372]
,[8.97807697,35.43639168]
,[11.35621179,35.62054135]]",223.8255136,0.24
79,49,CMA,437968,3344,"[[10.21578055,39.78691615]
,[11.8175812,37.6099011,]
,[13.20230698,37.35698372]
,[8.97807697,35.43639168]
,[11.35621179,35.62054135]]",222.4267051,0.24
229,199,CMA,437968,3344,"[[10.21578055,39.78691615]
,[11.8175812,37.6099011,]
,[13.20230698,37.35698372]
,[8.97807697,35.43639168]
,[11.35621179,35.62054135]]",223.5442798,0.24
39,9,CMA,437968,3344,"[[10.21578055,39.78691615]
,[11.8175812,37.6099011,]
,[13.20230698,37.35698372]
,[8.97807697,35.43639168]
,[11.35621179,35.62054135]]",260.2852466,0.24
239,209,CMA,437968,3344,"[[10.21578055,39.78691615]
,[11.8175812,37.6099011,]
,[13.20230698,37.35698372]
,[8.97807697,35.43639168]
,[11.35621179,35.62054135]]",225.6009066,0.24
49,19,CMA,437968,3344,"[[10.21578055,39.78691615]
,[11.8175812,37.6099011,]
,[13.20230698,37.35698372]
,[8.97807697,35.43639168]
,[11.35621179,35.62054135]]",221.1656034,0.24
59,29,CMA,437968,3344,"[[10.21578055,39.78691615]
,[11.8175812,37.6099011,]
,[13.20230698,37.35698372]
,[8.97807697,35.43639168]
,[11.35621179,35.62054135]]",226.4144101,0.24
169,139,CMA,437968,3344,"[[10.21578055,39.78691615]
,[11.8175812,37.6099011,]
,[13.20230698,37.35698372]
,[8.97807697,35.43639168]
,[11.35621179,35.62054135]]",223.417989,0.24
179,149,CMA,437968,3344,"[[10.21578055,39.78691615]
,[11.8175812,37.6099011,]
,[13.20230698,37.35698372]
,[8.97807697,35.43639168]
,[11.35621179,35.62054135]]",226.6937382,0.24
69,39,CMA,437968,3344,"[[10.21578055,39.78691615]
,[11.8175812,37.6099011,]
,[13.20230698,37.35698372]
,[8.97807697,35.43639168]
,[11.35621179,35.62054135]]",223.0421767,0.24
189,159,CMA,437968,3344,"[[10.21578055,39.78691615]
,[11.8175812,37.6099011,]
,[13.20230698,37.35698372]
,[8.97807697,35.43639168]
,[11.35621179,35.62054135]]",224.5031793,0.24
119,89,CMA,437968,3344,"[[10.21578055,39.78691615]
,[11.8175812,37.6099011,]
,[13.20230698,37.35698372]
,[8.97807697,35.43639168]
,[11.35621179,35.62054135]]",227.0405219,0.24
209,179,CMA,437968,3344,"[[10.21578055,39.78691615]
,[11.8175812,37.6099011,]
,[13.20230698,37.35698372]
,[8.97807697,35.43639168]
,[11.35621179,35.62054135]]",223.2990928,0.24
17,17,Random Search,437868,3244,"[[11.88223567,40.05272202]
,[12.12876182,38.03957801]
,[11.70072632,39.15648571]
,[12.59791462,36.09202811]
,[11.86586069,36.21940093]]",88.57155204,NA
22,22,Random Search,437781,3157,"[[10.62591151,38.8090961,]
,[11.02067277,40.04922707]
,[11.47685393,36.39244173]
,[12.8181922,36.05652278]
,[12.11811961,38.0333096,]]",89.56890273,NA
1,1,Random Search,437778,3154,"[[10.15836211,38.13410648]
,[11.22513638,38.66884664]
,[10.48498193,37.75675369]
,[11.66309581,37.67570941]
,[13.3931212,36.96593843]]",121.4969497,NA
14,14,Random Search,437707,3083,"[[10.72148642,37.59331231]
,[10.34775727,36.29255053]
,[13.63671099,38.62777598]
,[10.9875691,40.1669248,]
,[12.13386626,38.05826889]]",88.70426607,NA
24,24,Random Search,437705,3081,"[[9.74268604,39.62426567]
,[11.98231581,36.84119505]
,[9.83337315,36.24071133]
,[11.83626311,37.60585292]
,[11.88641783,36.422667,]]",89.30124402,NA
16,16,Random Search,437703,3079,"[[9.38339135,36.39867334]
,[9.64702776,36.62717465]
,[11.08695762,37.8065391,]
,[10.87911153,37.69229233]
,[12.12919257,38.05855143]]",88.26836801,NA
34,4,CMA,437657,3033,"[[9.04580662,37.97566501]
,[12.75569787,36.59727577]
,[9.87509778,39.04530808]
,[12.53930153,37.15202739]
,[11.6890679,38.79601471]]",112.1300118,0.14
28,28,Random Search,437654,3030,"[[11.66043712,37.16689958]
,[10.68137603,36.96498796]
,[13.53115971,39.17985616]
,[11.41966577,37.16207184]
,[12.38950959,37.18339635]]",90.31888986,NA
27,27,Random Search,437647,3023,"[[10.90323001,37.55982073]
,[13.14505998,37.99825669]
,[11.5245612,36.87280547]
,[12.10864042,38.03936871]
,[8.72150117,38.80451592]]",90.07180357,NA
0,0,Random Search,437552,2928,"[[10.68385018,37.69771647]
,[11.89273769,39.26379447]
,[10.28475377,39.39923527]
,[12.13897288,38.03945871]
,[12.28883009,36.69973363]]",118.7278621,NA
23,23,Random Search,437542,2918,"[[11.2005332,39.69573221]
,[12.10637724,38.03329121]
,[13.43226382,36.8368313,]
,[11.7513738,37.61510357]
,[13.26360528,37.88792016]]",89.30567288,NA
35,5,CMA,437540,2916,"[[9.49586824,35.76751656]
,[10.88332245,38.58281455]
,[10.75580932,36.80530068]
,[12.69027035,37.6879656,]
,[11.21475565,35.94662262]]",134.869374,0.16
6,6,Random Search,437539,2915,"[[12.20309707,36.28877774]
,[11.67202203,37.64012535]
,[8.90069198,36.09123889]
,[8.82719378,37.76195334]
,[12.14756335,38.05576807]]",88.92698908,NA
9,9,Random Search,437538,2914,"[[12.12890683,38.05848758]
,[13.33484791,40.03782299]
,[10.83410722,37.50580231]
,[10.32705628,39.27421797]
,[11.08188109,38.87808985]]",88.1893754,NA
7,7,Random Search,437513,2889,"[[12.13449228,38.05564965]
,[11.76669738,39.51620371]
,[9.10769608,36.71230884]
,[12.4386897,36.35132962]
,[9.72604034,36.81417288]]",88.6787436,NA
25,25,Random Search,437482,2858,"[[9.86530215,39.40505259]
,[10.46637654,39.45561124]
,[12.12992208,38.04301564]
,[10.90454325,39.60591222]
,[12.36106784,35.37338924]]",89.62413597,NA
26,26,Random Search,437428,2804,"[[11.99761299,37.35592419]
,[12.29671028,37.06535282]
,[10.48287547,38.34874454]
,[10.76284106,36.80128583]
,[10.26044226,38.11584201]]",89.20851588,NA
33,3,CMA,437394,2770,"[[9.87367464,39.04436118]
,[12.52222994,37.55486855]
,[9.99167364,39.78531601]
,[10.82324133,35.5290216,]
,[13.35795307,37.6730419,]]",83.42431211,0.12
18,18,Random Search,437393,2769,"[[10.91907327,37.69044138]
,[11.83866589,37.60560216]
,[13.48767571,37.30711714]
,[12.54129698,37.59170495]
,[9.90674435,36.37569905]]",88.66025233,NA
29,29,Random Search,437314,2690,"[[11.82440228,37.96166959]
,[11.65854523,38.73227052]
,[10.75086242,37.56595247]
,[9.65991868,39.50813634]
,[12.39091933,37.56264228]]",91.71978974,NA
5,5,Random Search,437304,2680,"[[13.48485384,38.14907274]
,[13.43812648,36.54700839]
,[8.89009776,38.4132135,]
,[11.28293015,39.9910912,]
,[11.82286816,37.61179522]]",85.54071784,NA
10,10,Random Search,437300,2676,"[[12.12570424,38.05966738]
,[11.18716168,37.87495776]
,[10.13064109,38.46060645]
,[11.67797708,36.34028696]
,[13.12747221,35.57675706]]",87.8680191,NA
21,21,Random Search,437291,2667,"[[10.99514542,37.97703939]
,[13.2580658,39.04519109]
,[12.1244576,38.07005394]
,[12.40256338,38.470606,]
,[11.64503987,35.81685818]]",89.02343488,NA
227,197,CMA,437286,2662,"[[8.89936799,36.72987462]
,[10.15135181,38.15101768]
,[11.80397536,38.22585133]
,[10.03266324,35.37443549]
,[11.25284139,35.73537808]]",167.7833142,0.2
247,217,CMA,437286,2662,"[[8.89936799,36.72987462]
,[10.15135181,38.15101768]
,[11.80397536,38.22585133]
,[10.03266324,35.37443549]
,[11.25284139,35.73537808]]",168.1886146,0.2
257,227,CMA,437286,2662,"[[8.89936799,36.72987462]
,[10.15135181,38.15101768]
,[11.80397536,38.22585133]
,[10.03266324,35.37443549]
,[11.25284139,35.73537808]]",168.672864,0.2
87,57,CMA,437286,2662,"[[8.89936799,36.72987462]
,[10.15135181,38.15101768]
,[11.80397536,38.22585133]
,[10.03266324,35.37443549]
,[11.25284139,35.73537808]]",166.6880774,0.2
157,127,CMA,437286,2662,"[[8.89936799,36.72987462]
,[10.15135181,38.15101768]
,[11.80397536,38.22585133]
,[10.03266324,35.37443549]
,[11.25284139,35.73537808]]",167.1636915,0.2
117,87,CMA,437286,2662,"[[8.89936799,36.72987462]
,[10.15135181,38.15101768]
,[11.80397536,38.22585133]
,[10.03266324,35.37443549]
,[11.25284139,35.73537808]]",171.7316992,0.2
197,167,CMA,437286,2662,"[[8.89936799,36.72987462]
,[10.15135181,38.15101768]
,[11.80397536,38.22585133]
,[10.03266324,35.37443549]
,[11.25284139,35.73537808]]",167.380415,0.2
207,177,CMA,437286,2662,"[[8.89936799,36.72987462]
,[10.15135181,38.15101768]
,[11.80397536,38.22585133]
,[10.03266324,35.37443549]
,[11.25284139,35.73537808]]",167.3683386,0.2
167,137,CMA,437286,2662,"[[8.89936799,36.72987462]
,[10.15135181,38.15101768]
,[11.80397536,38.22585133]
,[10.03266324,35.37443549]
,[11.25284139,35.73537808]]",167.1710966,0.2
67,37,CMA,437286,2662,"[[8.89936799,36.72987462]
,[10.15135181,38.15101768]
,[11.80397536,38.22585133]
,[10.03266324,35.37443549]
,[11.25284139,35.73537808]]",166.808665,0.2
47,17,CMA,437286,2662,"[[8.89936799,36.72987462]
,[10.15135181,38.15101768]
,[11.80397536,38.22585133]
,[10.03266324,35.37443549]
,[11.25284139,35.73537808]]",164.7747488,0.2
217,187,CMA,437286,2662,"[[8.89936799,36.72987462]
,[10.15135181,38.15101768]
,[11.80397536,38.22585133]
,[10.03266324,35.37443549]
,[11.25284139,35.73537808]]",167.702364,0.2
77,47,CMA,437286,2662,"[[8.89936799,36.72987462]
,[10.15135181,38.15101768]
,[11.80397536,38.22585133]
,[10.03266324,35.37443549]
,[11.25284139,35.73537808]]",167.1092503,0.2
237,207,CMA,437286,2662,"[[8.89936799,36.72987462]
,[10.15135181,38.15101768]
,[11.80397536,38.22585133]
,[10.03266324,35.37443549]
,[11.25284139,35.73537808]]",169.3694675,0.2
187,157,CMA,437286,2662,"[[8.89936799,36.72987462]
,[10.15135181,38.15101768]
,[11.80397536,38.22585133]
,[10.03266324,35.37443549]
,[11.25284139,35.73537808]]",168.5119457,0.2
147,117,CMA,437286,2662,"[[8.89936799,36.72987462]
,[10.15135181,38.15101768]
,[11.80397536,38.22585133]
,[10.03266324,35.37443549]
,[11.25284139,35.73537808]]",167.0904744,0.2
177,147,CMA,437286,2662,"[[8.89936799,36.72987462]
,[10.15135181,38.15101768]
,[11.80397536,38.22585133]
,[10.03266324,35.37443549]
,[11.25284139,35.73537808]]",169.7554445,0.2
57,27,CMA,437286,2662,"[[8.89936799,36.72987462]
,[10.15135181,38.15101768]
,[11.80397536,38.22585133]
,[10.03266324,35.37443549]
,[11.25284139,35.73537808]]",170.9995599,0.2
277,247,CMA,437286,2662,"[[8.89936799,36.72987462]
,[10.15135181,38.15101768]
,[11.80397536,38.22585133]
,[10.03266324,35.37443549]
,[11.25284139,35.73537808]]",174.1972439,0.2
97,67,CMA,437286,2662,"[[8.89936799,36.72987462]
,[10.15135181,38.15101768]
,[11.80397536,38.22585133]
,[10.03266324,35.37443549]
,[11.25284139,35.73537808]]",167.9445221,0.2
107,77,CMA,437286,2662,"[[8.89936799,36.72987462]
,[10.15135181,38.15101768]
,[11.80397536,38.22585133]
,[10.03266324,35.37443549]
,[11.25284139,35.73537808]]",166.6760166,0.2
127,97,CMA,437286,2662,"[[8.89936799,36.72987462]
,[10.15135181,38.15101768]
,[11.80397536,38.22585133]
,[10.03266324,35.37443549]
,[11.25284139,35.73537808]]",169.7903936,0.2
137,107,CMA,437286,2662,"[[8.89936799,36.72987462]
,[10.15135181,38.15101768]
,[11.80397536,38.22585133]
,[10.03266324,35.37443549]
,[11.25284139,35.73537808]]",167.0918539,0.2
267,237,CMA,437286,2662,"[[8.89936799,36.72987462]
,[10.15135181,38.15101768]
,[11.80397536,38.22585133]
,[10.03266324,35.37443549]
,[11.25284139,35.73537808]]",167.0361011,0.2
287,257,CMA,437286,2662,"[[8.89936799,36.72987462]
,[10.15135181,38.15101768]
,[11.80397536,38.22585133]
,[10.03266324,35.37443549]
,[11.25284139,35.73537808]]",168.5099754,0.2
12,12,Random Search,437276,2652,"[[10.9879969,36.80162214]
,[11.61558198,39.64426743]
,[9.73765226,38.53029912]
,[11.05846591,39.00448632]
,[12.14688997,38.05384041]]",88.39424968,NA
13,13,Random Search,437265,2641,"[[12.14907044,38.05633372]
,[10.84172154,37.67937041]
,[9.53351457,39.80787977]
,[9.52136552,38.26262718]
,[13.40082847,40.14277212]]",88.12962055,NA
4,4,Random Search,437252,2628,"[[12.83233967,36.6552849,]
,[10.96680969,38.69740546]
,[12.46168909,36.3306232,]
,[10.35089871,39.93647851]
,[11.79829373,37.6066035,]]",95.30036831,NA
15,15,Random Search,437243,2619,"[[12.47100831,38.30470558]
,[12.12887589,38.06025171]
,[10.14990356,39.2050267,]
,[12.42533053,35.33166519]
,[12.99413661,37.48426423]]",88.23384213,NA
19,19,Random Search,437199,2575,"[[9.68633095,38.93560592]
,[10.68583322,36.75919335]
,[11.80534656,37.61969231]
,[10.50207675,35.66744265]
,[9.25168011,39.39463686]]",89.89638019,NA
3,3,Random Search,437197,2573,"[[11.82871088,37.59955074]
,[10.20660476,38.25333754]
,[8.96406796,38.12305653]
,[9.30509749,36.57834198]
,[10.49308984,38.40642428]]",124.1004148,NA
11,11,Random Search,437158,2534,"[[12.13749439,38.05986218]
,[13.3285778,39.0571054,]
,[9.088608,35.39521665]
,[9.00420924,39.51133808]
,[10.83275497,38.17311383]]",88.59263349,NA
20,20,Random Search,437116,2492,"[[10.65458478,38.67859079]
,[10.87892386,37.68105311]
,[12.14849384,38.07034773]
,[12.72685494,37.7062741,]
,[11.13035627,40.0737658,]]",89.18017411,NA
32,2,CMA,437026,2402,"[[9.19982317,38.3801551,]
,[12.69031285,37.68797895]
,[9.6513243,38.71772418]
,[9.87455107,39.04655711]
,[12.76274079,38.91097113]]",52.34092426,0.1
74,44,CMA,436967,2343,"[[12.9813708,39.8634354,]
,[9.61760595,38.66264624]
,[13.10827866,36.25051125]
,[10.92910577,37.22773883]
,[10.20768041,39.73306153]]",85.66815305,0.14
224,194,CMA,436967,2343,"[[12.9813708,39.8634354,]
,[9.61760595,38.66264624]
,[13.10827866,36.25051125]
,[10.92910577,37.22773883]
,[10.20768041,39.73306153]]",86.12500501,0.14
124,94,CMA,436967,2343,"[[12.9813708,39.8634354,]
,[9.61760595,38.66264624]
,[13.10827866,36.25051125]
,[10.92910577,37.22773883]
,[10.20768041,39.73306153]]",86.98268938,0.14
54,24,CMA,436967,2343,"[[12.9813708,39.8634354,]
,[9.61760595,38.66264624]
,[13.10827866,36.25051125]
,[10.92910577,37.22773883]
,[10.20768041,39.73306153]]",84.87486911,0.14
184,154,CMA,436967,2343,"[[12.9813708,39.8634354,]
,[9.61760595,38.66264624]
,[13.10827866,36.25051125]
,[10.92910577,37.22773883]
,[10.20768041,39.73306153]]",86.06748152,0.14
64,34,CMA,436967,2343,"[[12.9813708,39.8634354,]
,[9.61760595,38.66264624]
,[13.10827866,36.25051125]
,[10.92910577,37.22773883]
,[10.20768041,39.73306153]]",85.08774519,0.14
284,254,CMA,436967,2343,"[[12.9813708,39.8634354,]
,[9.61760595,38.66264624]
,[13.10827866,36.25051125]
,[10.92910577,37.22773883]
,[10.20768041,39.73306153]]",85.87126541,0.14
214,184,CMA,436967,2343,"[[12.9813708,39.8634354,]
,[9.61760595,38.66264624]
,[13.10827866,36.25051125]
,[10.92910577,37.22773883]
,[10.20768041,39.73306153]]",86.03342032,0.14
234,204,CMA,436967,2343,"[[12.9813708,39.8634354,]
,[9.61760595,38.66264624]
,[13.10827866,36.25051125]
,[10.92910577,37.22773883]
,[10.20768041,39.73306153]]",87.28289747,0.14
114,84,CMA,436967,2343,"[[12.9813708,39.8634354,]
,[9.61760595,38.66264624]
,[13.10827866,36.25051125]
,[10.92910577,37.22773883]
,[10.20768041,39.73306153]]",84.87069845,0.14
194,164,CMA,436967,2343,"[[12.9813708,39.8634354,]
,[9.61760595,38.66264624]
,[13.10827866,36.25051125]
,[10.92910577,37.22773883]
,[10.20768041,39.73306153]]",85.52951479,0.14
44,14,CMA,436967,2343,"[[12.9813708,39.8634354,]
,[9.61760595,38.66264624]
,[13.10827866,36.25051125]
,[10.92910577,37.22773883]
,[10.20768041,39.73306153]]",84.14585018,0.14
204,174,CMA,436967,2343,"[[12.9813708,39.8634354,]
,[9.61760595,38.66264624]
,[13.10827866,36.25051125]
,[10.92910577,37.22773883]
,[10.20768041,39.73306153]]",85.562572,0.14
244,214,CMA,436967,2343,"[[12.9813708,39.8634354,]
,[9.61760595,38.66264624]
,[13.10827866,36.25051125]
,[10.92910577,37.22773883]
,[10.20768041,39.73306153]]",85.21182466,0.14
274,244,CMA,436967,2343,"[[12.9813708,39.8634354,]
,[9.61760595,38.66264624]
,[13.10827866,36.25051125]
,[10.92910577,37.22773883]
,[10.20768041,39.73306153]]",90.13965225,0.14
154,124,CMA,436967,2343,"[[12.9813708,39.8634354,]
,[9.61760595,38.66264624]
,[13.10827866,36.25051125]
,[10.92910577,37.22773883]
,[10.20768041,39.73306153]]",85.17645383,0.14
84,54,CMA,436967,2343,"[[12.9813708,39.8634354,]
,[9.61760595,38.66264624]
,[13.10827866,36.25051125]
,[10.92910577,37.22773883]
,[10.20768041,39.73306153]]",85.29660082,0.14
174,144,CMA,436967,2343,"[[12.9813708,39.8634354,]
,[9.61760595,38.66264624]
,[13.10827866,36.25051125]
,[10.92910577,37.22773883]
,[10.20768041,39.73306153]]",85.9767046,0.14
164,134,CMA,436967,2343,"[[12.9813708,39.8634354,]
,[9.61760595,38.66264624]
,[13.10827866,36.25051125]
,[10.92910577,37.22773883]
,[10.20768041,39.73306153]]",85.14923882,0.14
144,114,CMA,436967,2343,"[[12.9813708,39.8634354,]
,[9.61760595,38.66264624]
,[13.10827866,36.25051125]
,[10.92910577,37.22773883]
,[10.20768041,39.73306153]]",85.14420176,0.14
254,224,CMA,436967,2343,"[[12.9813708,39.8634354,]
,[9.61760595,38.66264624]
,[13.10827866,36.25051125]
,[10.92910577,37.22773883]
,[10.20768041,39.73306153]]",86.34695506,0.14
134,104,CMA,436967,2343,"[[12.9813708,39.8634354,]
,[9.61760595,38.66264624]
,[13.10827866,36.25051125]
,[10.92910577,37.22773883]
,[10.20768041,39.73306153]]",85.51017642,0.14
264,234,CMA,436967,2343,"[[12.9813708,39.8634354,]
,[9.61760595,38.66264624]
,[13.10827866,36.25051125]
,[10.92910577,37.22773883]
,[10.20768041,39.73306153]]",85.11995697,0.14
104,74,CMA,436967,2343,"[[12.9813708,39.8634354,]
,[9.61760595,38.66264624]
,[13.10827866,36.25051125]
,[10.92910577,37.22773883]
,[10.20768041,39.73306153]]",85.04733324,0.14
94,64,CMA,436967,2343,"[[12.9813708,39.8634354,]
,[9.61760595,38.66264624]
,[13.10827866,36.25051125]
,[10.92910577,37.22773883]
,[10.20768041,39.73306153]]",85.04540467,0.14
31,1,CMA,436713,2089,"[[12.48954765,39.34201059]
,[9.83192408,39.14055208]
,[11.17596645,37.42987253]
,[11.11212501,35.37103282]
,[13.39422162,35.61263717]]",31.84955263,0.05
256,226,CMA,436656,2032,"[[10.75563646,39.95934388]
,[11.96660476,37.74366676]
,[13.76098991,38.37783205]
,[9.78637583,38.1944039,]
,[10.84547325,35.52135539]]",144.5532711,0.18
206,176,CMA,436656,2032,"[[10.75563646,39.95934388]
,[11.96660476,37.74366676]
,[13.76098991,38.37783205]
,[9.78637583,38.1944039,]
,[10.84547325,35.52135539]]",143.8384159,0.18
266,236,CMA,436656,2032,"[[10.75563646,39.95934388]
,[11.96660476,37.74366676]
,[13.76098991,38.37783205]
,[9.78637583,38.1944039,]
,[10.84547325,35.52135539]]",143.0704749,0.18
276,246,CMA,436656,2032,"[[10.75563646,39.95934388]
,[11.96660476,37.74366676]
,[13.76098991,38.37783205]
,[9.78637583,38.1944039,]
,[10.84547325,35.52135539]]",150.5283003,0.18
286,256,CMA,436656,2032,"[[10.75563646,39.95934388]
,[11.96660476,37.74366676]
,[13.76098991,38.37783205]
,[9.78637583,38.1944039,]
,[10.84547325,35.52135539]]",144.1228232,0.18
56,26,CMA,436656,2032,"[[10.75563646,39.95934388]
,[11.96660476,37.74366676]
,[13.76098991,38.37783205]
,[9.78637583,38.1944039,]
,[10.84547325,35.52135539]]",146.3145306,0.18
216,186,CMA,436656,2032,"[[10.75563646,39.95934388]
,[11.96660476,37.74366676]
,[13.76098991,38.37783205]
,[9.78637583,38.1944039,]
,[10.84547325,35.52135539]]",143.9741511,0.18
46,16,CMA,436656,2032,"[[10.75563646,39.95934388]
,[11.96660476,37.74366676]
,[13.76098991,38.37783205]
,[9.78637583,38.1944039,]
,[10.84547325,35.52135539]]",141.2659221,0.18
246,216,CMA,436656,2032,"[[10.75563646,39.95934388]
,[11.96660476,37.74366676]
,[13.76098991,38.37783205]
,[9.78637583,38.1944039,]
,[10.84547325,35.52135539]]",143.9160817,0.18
226,196,CMA,436656,2032,"[[10.75563646,39.95934388]
,[11.96660476,37.74366676]
,[13.76098991,38.37783205]
,[9.78637583,38.1944039,]
,[10.84547325,35.52135539]]",143.2797484,0.18
236,206,CMA,436656,2032,"[[10.75563646,39.95934388]
,[11.96660476,37.74366676]
,[13.76098991,38.37783205]
,[9.78637583,38.1944039,]
,[10.84547325,35.52135539]]",145.663758,0.18
116,86,CMA,436656,2032,"[[10.75563646,39.95934388]
,[11.96660476,37.74366676]
,[13.76098991,38.37783205]
,[9.78637583,38.1944039,]
,[10.84547325,35.52135539]]",146.5311871,0.18
146,116,CMA,436656,2032,"[[10.75563646,39.95934388]
,[11.96660476,37.74366676]
,[13.76098991,38.37783205]
,[9.78637583,38.1944039,]
,[10.84547325,35.52135539]]",142.9402575,0.18
156,126,CMA,436656,2032,"[[10.75563646,39.95934388]
,[11.96660476,37.74366676]
,[13.76098991,38.37783205]
,[9.78637583,38.1944039,]
,[10.84547325,35.52135539]]",143.1495645,0.18
136,106,CMA,436656,2032,"[[10.75563646,39.95934388]
,[11.96660476,37.74366676]
,[13.76098991,38.37783205]
,[9.78637583,38.1944039,]
,[10.84547325,35.52135539]]",142.8990407,0.18
76,46,CMA,436656,2032,"[[10.75563646,39.95934388]
,[11.96660476,37.74366676]
,[13.76098991,38.37783205]
,[9.78637583,38.1944039,]
,[10.84547325,35.52135539]]",143.1768668,0.18
126,96,CMA,436656,2032,"[[10.75563646,39.95934388]
,[11.96660476,37.74366676]
,[13.76098991,38.37783205]
,[9.78637583,38.1944039,]
,[10.84547325,35.52135539]]",144.8196821,0.18
166,136,CMA,436656,2032,"[[10.75563646,39.95934388]
,[11.96660476,37.74366676]
,[13.76098991,38.37783205]
,[9.78637583,38.1944039,]
,[10.84547325,35.52135539]]",143.4813526,0.18
186,156,CMA,436656,2032,"[[10.75563646,39.95934388]
,[11.96660476,37.74366676]
,[13.76098991,38.37783205]
,[9.78637583,38.1944039,]
,[10.84547325,35.52135539]]",144.4019823,0.18
66,36,CMA,436656,2032,"[[10.75563646,39.95934388]
,[11.96660476,37.74366676]
,[13.76098991,38.37783205]
,[9.78637583,38.1944039,]
,[10.84547325,35.52135539]]",142.4961224,0.18
106,76,CMA,436656,2032,"[[10.75563646,39.95934388]
,[11.96660476,37.74366676]
,[13.76098991,38.37783205]
,[9.78637583,38.1944039,]
,[10.84547325,35.52135539]]",142.7513354,0.18
86,56,CMA,436656,2032,"[[10.75563646,39.95934388]
,[11.96660476,37.74366676]
,[13.76098991,38.37783205]
,[9.78637583,38.1944039,]
,[10.84547325,35.52135539]]",142.9585867,0.18
176,146,CMA,436656,2032,"[[10.75563646,39.95934388]
,[11.96660476,37.74366676]
,[13.76098991,38.37783205]
,[9.78637583,38.1944039,]
,[10.84547325,35.52135539]]",144.8618293,0.18
196,166,CMA,436656,2032,"[[10.75563646,39.95934388]
,[11.96660476,37.74366676]
,[13.76098991,38.37783205]
,[9.78637583,38.1944039,]
,[10.84547325,35.52135539]]",143.9227071,0.18
96,66,CMA,436656,2032,"[[10.75563646,39.95934388]
,[11.96660476,37.74366676]
,[13.76098991,38.37783205]
,[9.78637583,38.1944039,]
,[10.84547325,35.52135539]]",143.1565073,0.18
255,225,CMA,436293,1669,"[[11.18382656,39.92925112]
,[13.56989145,35.46705273]
,[8.82948889,38.0691833,]
,[10.76736954,38.91147021]
,[13.18927082,36.91324783]]",111.5384266,0.16
155,125,CMA,436293,1669,"[[11.18382656,39.92925112]
,[13.56989145,35.46705273]
,[8.82948889,38.0691833,]
,[10.76736954,38.91147021]
,[13.18927082,36.91324783]]",110.0037014,0.16
125,95,CMA,436293,1669,"[[11.18382656,39.92925112]
,[13.56989145,35.46705273]
,[8.82948889,38.0691833,]
,[10.76736954,38.91147021]
,[13.18927082,36.91324783]]",112.5304668,0.16
105,75,CMA,436293,1669,"[[11.18382656,39.92925112]
,[13.56989145,35.46705273]
,[8.82948889,38.0691833,]
,[10.76736954,38.91147021]
,[13.18927082,36.91324783]]",109.7030067,0.16
165,135,CMA,436293,1669,"[[11.18382656,39.92925112]
,[13.56989145,35.46705273]
,[8.82948889,38.0691833,]
,[10.76736954,38.91147021]
,[13.18927082,36.91324783]]",110.2568831,0.16
95,65,CMA,436293,1669,"[[11.18382656,39.92925112]
,[13.56989145,35.46705273]
,[8.82948889,38.0691833,]
,[10.76736954,38.91147021]
,[13.18927082,36.91324783]]",110.0224593,0.16
145,115,CMA,436293,1669,"[[11.18382656,39.92925112]
,[13.56989145,35.46705273]
,[8.82948889,38.0691833,]
,[10.76736954,38.91147021]
,[13.18927082,36.91324783]]",110.4204769,0.16
245,215,CMA,436293,1669,"[[11.18382656,39.92925112]
,[13.56989145,35.46705273]
,[8.82948889,38.0691833,]
,[10.76736954,38.91147021]
,[13.18927082,36.91324783]]",110.645277,0.16
265,235,CMA,436293,1669,"[[11.18382656,39.92925112]
,[13.56989145,35.46705273]
,[8.82948889,38.0691833,]
,[10.76736954,38.91147021]
,[13.18927082,36.91324783]]",110.3002951,0.16
275,245,CMA,436293,1669,"[[11.18382656,39.92925112]
,[13.56989145,35.46705273]
,[8.82948889,38.0691833,]
,[10.76736954,38.91147021]
,[13.18927082,36.91324783]]",117.1176457,0.16
235,205,CMA,436293,1669,"[[11.18382656,39.92925112]
,[13.56989145,35.46705273]
,[8.82948889,38.0691833,]
,[10.76736954,38.91147021]
,[13.18927082,36.91324783]]",112.7507076,0.16
175,145,CMA,436293,1669,"[[11.18382656,39.92925112]
,[13.56989145,35.46705273]
,[8.82948889,38.0691833,]
,[10.76736954,38.91147021]
,[13.18927082,36.91324783]]",111.4197366,0.16
85,55,CMA,436293,1669,"[[11.18382656,39.92925112]
,[13.56989145,35.46705273]
,[8.82948889,38.0691833,]
,[10.76736954,38.91147021]
,[13.18927082,36.91324783]]",110.1926026,0.16
75,45,CMA,436293,1669,"[[11.18382656,39.92925112]
,[13.56989145,35.46705273]
,[8.82948889,38.0691833,]
,[10.76736954,38.91147021]
,[13.18927082,36.91324783]]",110.4619501,0.16
135,105,CMA,436293,1669,"[[11.18382656,39.92925112]
,[13.56989145,35.46705273]
,[8.82948889,38.0691833,]
,[10.76736954,38.91147021]
,[13.18927082,36.91324783]]",110.8257551,0.16
185,155,CMA,436293,1669,"[[11.18382656,39.92925112]
,[13.56989145,35.46705273]
,[8.82948889,38.0691833,]
,[10.76736954,38.91147021]
,[13.18927082,36.91324783]]",111.1018136,0.16
115,85,CMA,436293,1669,"[[11.18382656,39.92925112]
,[13.56989145,35.46705273]
,[8.82948889,38.0691833,]
,[10.76736954,38.91147021]
,[13.18927082,36.91324783]]",110.7707255,0.16
65,35,CMA,436293,1669,"[[11.18382656,39.92925112]
,[13.56989145,35.46705273]
,[8.82948889,38.0691833,]
,[10.76736954,38.91147021]
,[13.18927082,36.91324783]]",110.4727387,0.16
45,15,CMA,436293,1669,"[[11.18382656,39.92925112]
,[13.56989145,35.46705273]
,[8.82948889,38.0691833,]
,[10.76736954,38.91147021]
,[13.18927082,36.91324783]]",108.9065368,0.16
195,165,CMA,436293,1669,"[[11.18382656,39.92925112]
,[13.56989145,35.46705273]
,[8.82948889,38.0691833,]
,[10.76736954,38.91147021]
,[13.18927082,36.91324783]]",110.6769228,0.16
205,175,CMA,436293,1669,"[[11.18382656,39.92925112]
,[13.56989145,35.46705273]
,[8.82948889,38.0691833,]
,[10.76736954,38.91147021]
,[13.18927082,36.91324783]]",110.7882419,0.16
215,185,CMA,436293,1669,"[[11.18382656,39.92925112]
,[13.56989145,35.46705273]
,[8.82948889,38.0691833,]
,[10.76736954,38.91147021]
,[13.18927082,36.91324783]]",111.2890184,0.16
55,25,CMA,436293,1669,"[[11.18382656,39.92925112]
,[13.56989145,35.46705273]
,[8.82948889,38.0691833,]
,[10.76736954,38.91147021]
,[13.18927082,36.91324783]]",111.4305789,0.16
225,195,CMA,436293,1669,"[[11.18382656,39.92925112]
,[13.56989145,35.46705273]
,[8.82948889,38.0691833,]
,[10.76736954,38.91147021]
,[13.18927082,36.91324783]]",110.7287891,0.16
285,255,CMA,436293,1669,"[[11.18382656,39.92925112]
,[13.56989145,35.46705273]
,[8.82948889,38.0691833,]
,[10.76736954,38.91147021]
,[13.18927082,36.91324783]]",111.2483547,0.16
36,6,CMA,436154,1530,"[[9.54730015,39.61705926]
,[10.51049733,37.40636428]
,[9.59231823,35.50477734]
,[11.82585993,40.05448436]
,[12.07341414,35.42702355]]",166.6685185,0.18
60,30,CMA,435813,1189,"[[9.33512482,36.6330524,]
,[10.35093918,37.35046638]
,[12.37033651,38.30887832]
,[11.00430957,36.69750039]
,[9.77215704,39.34172406]]",8.276428699,0.01
120,90,CMA,435813,1189,"[[9.33512482,36.6330524,]
,[10.35093918,37.35046638]
,[12.37033651,38.30887832]
,[11.00430957,36.69750039]
,[9.77215704,39.34172406]]",8.718183517,0.01
260,230,CMA,435813,1189,"[[9.33512482,36.6330524,]
,[10.35093918,37.35046638]
,[12.37033651,38.30887832]
,[11.00430957,36.69750039]
,[9.77215704,39.34172406]]",8.403692484,0.01
150,120,CMA,435813,1189,"[[9.33512482,36.6330524,]
,[10.35093918,37.35046638]
,[12.37033651,38.30887832]
,[11.00430957,36.69750039]
,[9.77215704,39.34172406]]",8.321365595,0.01
130,100,CMA,435813,1189,"[[9.33512482,36.6330524,]
,[10.35093918,37.35046638]
,[12.37033651,38.30887832]
,[11.00430957,36.69750039]
,[9.77215704,39.34172406]]",8.25508523,0.01
90,60,CMA,435813,1189,"[[9.33512482,36.6330524,]
,[10.35093918,37.35046638]
,[12.37033651,38.30887832]
,[11.00430957,36.69750039]
,[9.77215704,39.34172406]]",8.225712776,0.01
140,110,CMA,435813,1189,"[[9.33512482,36.6330524,]
,[10.35093918,37.35046638]
,[12.37033651,38.30887832]
,[11.00430957,36.69750039]
,[9.77215704,39.34172406]]",8.299066782,0.01
100,70,CMA,435813,1189,"[[9.33512482,36.6330524,]
,[10.35093918,37.35046638]
,[12.37033651,38.30887832]
,[11.00430957,36.69750039]
,[9.77215704,39.34172406]]",8.309333324,0.01
210,180,CMA,435813,1189,"[[9.33512482,36.6330524,]
,[10.35093918,37.35046638]
,[12.37033651,38.30887832]
,[11.00430957,36.69750039]
,[9.77215704,39.34172406]]",8.358247042,0.01
270,240,CMA,435813,1189,"[[9.33512482,36.6330524,]
,[10.35093918,37.35046638]
,[12.37033651,38.30887832]
,[11.00430957,36.69750039]
,[9.77215704,39.34172406]]",8.345117569,0.01
50,20,CMA,435813,1189,"[[9.33512482,36.6330524,]
,[10.35093918,37.35046638]
,[12.37033651,38.30887832]
,[11.00430957,36.69750039]
,[9.77215704,39.34172406]]",8.259049416,0.01
290,260,CMA,435813,1189,"[[9.33512482,36.6330524,]
,[10.35093918,37.35046638]
,[12.37033651,38.30887832]
,[11.00430957,36.69750039]
,[9.77215704,39.34172406]]",9.367666721,0.01
40,10,CMA,435813,1189,"[[9.33512482,36.6330524,]
,[10.35093918,37.35046638]
,[12.37033651,38.30887832]
,[11.00430957,36.69750039]
,[9.77215704,39.34172406]]",8.352205753,0.01
190,160,CMA,435813,1189,"[[9.33512482,36.6330524,]
,[10.35093918,37.35046638]
,[12.37033651,38.30887832]
,[11.00430957,36.69750039]
,[9.77215704,39.34172406]]",8.595059156,0.01
160,130,CMA,435813,1189,"[[9.33512482,36.6330524,]
,[10.35093918,37.35046638]
,[12.37033651,38.30887832]
,[11.00430957,36.69750039]
,[9.77215704,39.34172406]]",8.329577446,0.01
230,200,CMA,435813,1189,"[[9.33512482,36.6330524,]
,[10.35093918,37.35046638]
,[12.37033651,38.30887832]
,[11.00430957,36.69750039]
,[9.77215704,39.34172406]]",8.839719772,0.01
110,80,CMA,435813,1189,"[[9.33512482,36.6330524,]
,[10.35093918,37.35046638]
,[12.37033651,38.30887832]
,[11.00430957,36.69750039]
,[9.77215704,39.34172406]]",8.264168978,0.01
180,150,CMA,435813,1189,"[[9.33512482,36.6330524,]
,[10.35093918,37.35046638]
,[12.37033651,38.30887832]
,[11.00430957,36.69750039]
,[9.77215704,39.34172406]]",8.526949167,0.01
70,40,CMA,435813,1189,"[[9.33512482,36.6330524,]
,[10.35093918,37.35046638]
,[12.37033651,38.30887832]
,[11.00430957,36.69750039]
,[9.77215704,39.34172406]]",8.366473198,0.01
170,140,CMA,435813,1189,"[[9.33512482,36.6330524,]
,[10.35093918,37.35046638]
,[12.37033651,38.30887832]
,[11.00430957,36.69750039]
,[9.77215704,39.34172406]]",8.27151823,0.01
240,210,CMA,435813,1189,"[[9.33512482,36.6330524,]
,[10.35093918,37.35046638]
,[12.37033651,38.30887832]
,[11.00430957,36.69750039]
,[9.77215704,39.34172406]]",8.288757086,0.01
80,50,CMA,435813,1189,"[[9.33512482,36.6330524,]
,[10.35093918,37.35046638]
,[12.37033651,38.30887832]
,[11.00430957,36.69750039]
,[9.77215704,39.34172406]]",8.321187019,0.01
220,190,CMA,435813,1189,"[[9.33512482,36.6330524,]
,[10.35093918,37.35046638]
,[12.37033651,38.30887832]
,[11.00430957,36.69750039]
,[9.77215704,39.34172406]]",8.42525506,0.01
200,170,CMA,435813,1189,"[[9.33512482,36.6330524,]
,[10.35093918,37.35046638]
,[12.37033651,38.30887832]
,[11.00430957,36.69750039]
,[9.77215704,39.34172406]]",8.346516848,0.01
280,250,CMA,435813,1189,"[[9.33512482,36.6330524,]
,[10.35093918,37.35046638]
,[12.37033651,38.30887832]
,[11.00430957,36.69750039]
,[9.77215704,39.34172406]]",8.317621946,0.01
250,220,CMA,435813,1189,"[[9.33512482,36.6330524,]
,[10.35093918,37.35046638]
,[12.37033651,38.30887832]
,[11.00430957,36.69750039]
,[9.77215704,39.34172406]]",8.825537205,0.01
30,0,CMA,435383,759,"[[9.68753693,36.60872724]
,[11.83611019,36.6345568,]
,[10.93864938,39.22547092]
,[12.69340105,39.99627226]
,[12.6402708,39.60292184]]",5.169699907,0.01
131,101,CMA,434997,373,"[[12.53278366,39.7248394,]
,[8.97376536,35.50101406]
,[10.12387749,37.69950146]
,[12.45525672,39.92858658]
,[12.44862829,40.07337789]]",21.19507694,0.05
281,251,CMA,434997,373,"[[12.53278366,39.7248394,]
,[8.97376536,35.50101406]
,[10.12387749,37.69950146]
,[12.45525672,39.92858658]
,[12.44862829,40.07337789]]",21.02078819,0.05
291,261,CMA,434997,373,"[[12.53278366,39.7248394,]
,[8.97376536,35.50101406]
,[10.12387749,37.69950146]
,[12.45525672,39.92858658]
,[12.44862829,40.07337789]]",23.08244944,0.05
121,91,CMA,434997,373,"[[12.53278366,39.7248394,]
,[8.97376536,35.50101406]
,[10.12387749,37.69950146]
,[12.45525672,39.92858658]
,[12.44862829,40.07337789]]",21.65989661,0.05
111,81,CMA,434997,373,"[[12.53278366,39.7248394,]
,[8.97376536,35.50101406]
,[10.12387749,37.69950146]
,[12.45525672,39.92858658]
,[12.44862829,40.07337789]]",20.68267822,0.05
201,171,CMA,434997,373,"[[12.53278366,39.7248394,]
,[8.97376536,35.50101406]
,[10.12387749,37.69950146]
,[12.45525672,39.92858658]
,[12.44862829,40.07337789]]",21.02299786,0.05
101,71,CMA,434997,373,"[[12.53278366,39.7248394,]
,[8.97376536,35.50101406]
,[10.12387749,37.69950146]
,[12.45525672,39.92858658]
,[12.44862829,40.07337789]]",20.84204912,0.05
271,241,CMA,434997,373,"[[12.53278366,39.7248394,]
,[8.97376536,35.50101406]
,[10.12387749,37.69950146]
,[12.45525672,39.92858658]
,[12.44862829,40.07337789]]",20.93180013,0.05
61,31,CMA,434997,373,"[[12.53278366,39.7248394,]
,[8.97376536,35.50101406]
,[10.12387749,37.69950146]
,[12.45525672,39.92858658]
,[12.44862829,40.07337789]]",20.75199437,0.05
51,21,CMA,434997,373,"[[12.53278366,39.7248394,]
,[8.97376536,35.50101406]
,[10.12387749,37.69950146]
,[12.45525672,39.92858658]
,[12.44862829,40.07337789]]",21.00799251,0.05
211,181,CMA,434997,373,"[[12.53278366,39.7248394,]
,[8.97376536,35.50101406]
,[10.12387749,37.69950146]
,[12.45525672,39.92858658]
,[12.44862829,40.07337789]]",21.18836308,0.05
191,161,CMA,434997,373,"[[12.53278366,39.7248394,]
,[8.97376536,35.50101406]
,[10.12387749,37.69950146]
,[12.45525672,39.92858658]
,[12.44862829,40.07337789]]",21.24339604,0.05
221,191,CMA,434997,373,"[[12.53278366,39.7248394,]
,[8.97376536,35.50101406]
,[10.12387749,37.69950146]
,[12.45525672,39.92858658]
,[12.44862829,40.07337789]]",20.84046221,0.05
41,11,CMA,434997,373,"[[12.53278366,39.7248394,]
,[8.97376536,35.50101406]
,[10.12387749,37.69950146]
,[12.45525672,39.92858658]
,[12.44862829,40.07337789]]",20.75787354,0.05
181,151,CMA,434997,373,"[[12.53278366,39.7248394,]
,[8.97376536,35.50101406]
,[10.12387749,37.69950146]
,[12.45525672,39.92858658]
,[12.44862829,40.07337789]]",21.44464111,0.05
231,201,CMA,434997,373,"[[12.53278366,39.7248394,]
,[8.97376536,35.50101406]
,[10.12387749,37.69950146]
,[12.45525672,39.92858658]
,[12.44862829,40.07337789]]",23.07674146,0.05
71,41,CMA,434997,373,"[[12.53278366,39.7248394,]
,[8.97376536,35.50101406]
,[10.12387749,37.69950146]
,[12.45525672,39.92858658]
,[12.44862829,40.07337789]]",21.44470167,0.05
171,141,CMA,434997,373,"[[12.53278366,39.7248394,]
,[8.97376536,35.50101406]
,[10.12387749,37.69950146]
,[12.45525672,39.92858658]
,[12.44862829,40.07337789]]",21.06566501,0.05
241,211,CMA,434997,373,"[[12.53278366,39.7248394,]
,[8.97376536,35.50101406]
,[10.12387749,37.69950146]
,[12.45525672,39.92858658]
,[12.44862829,40.07337789]]",21.13326979,0.05
161,131,CMA,434997,373,"[[12.53278366,39.7248394,]
,[8.97376536,35.50101406]
,[10.12387749,37.69950146]
,[12.45525672,39.92858658]
,[12.44862829,40.07337789]]",20.77516866,0.05
251,221,CMA,434997,373,"[[12.53278366,39.7248394,]
,[8.97376536,35.50101406]
,[10.12387749,37.69950146]
,[12.45525672,39.92858658]
,[12.44862829,40.07337789]]",21.71432757,0.05
151,121,CMA,434997,373,"[[12.53278366,39.7248394,]
,[8.97376536,35.50101406]
,[10.12387749,37.69950146]
,[12.45525672,39.92858658]
,[12.44862829,40.07337789]]",20.72918892,0.05
261,231,CMA,434997,373,"[[12.53278366,39.7248394,]
,[8.97376536,35.50101406]
,[10.12387749,37.69950146]
,[12.45525672,39.92858658]
,[12.44862829,40.07337789]]",21.02131796,0.05
91,61,CMA,434997,373,"[[12.53278366,39.7248394,]
,[8.97376536,35.50101406]
,[10.12387749,37.69950146]
,[12.45525672,39.92858658]
,[12.44862829,40.07337789]]",20.68506742,0.05
141,111,CMA,434997,373,"[[12.53278366,39.7248394,]
,[8.97376536,35.50101406]
,[10.12387749,37.69950146]
,[12.45525672,39.92858658]
,[12.44862829,40.07337789]]",20.92032075,0.05
81,51,CMA,434997,373,"[[12.53278366,39.7248394,]
,[8.97376536,35.50101406]
,[10.12387749,37.69950146]
,[12.45525672,39.92858658]
,[12.44862829,40.07337789]]",20.99042177,0.05
